Date,temparature_C,Humidity,NLDC Demand
01.01.2018,19.71434783,82.38608696,190.2608696
02.01.2018,18.73083333,83.22541667,178.875
03.01.2018,17.39625,85.49541667,181.5833333
04.01.2018,16.47625,82.72208333,183.2916667
05.01.2018,16.53208333,81.93041667,174
06.01.2018,15.1725,82.85458333,179.75
07.01.2018,13.45458333,73.16666667,182.0833333
08.01.2018,13.16833333,73.75041667,186
09.01.2018,14.14458333,74.225,185.4166667
10.01.2018,14.45,78.78125,182.8333333
11.01.2018,14.80541667,82.27416667,189.5
12.01.2018,15.73125,81.8225,185.1666667
13.01.2018,15.32666667,84.185,189.25
14.01.2018,16.41833333,81.65916667,191.6666667
15.01.2018,16.13375,85.55416667,189.5416667
16.01.2018,17.16083333,83.79625,193.9583333
17.01.2018,17.43416667,84.74666667,193.2916667
18.01.2018,18.42458333,80.47375,193.7083333
19.01.2018,18.145,82.54458333,187.9583333
20.01.2018,17.35625,82.20375,187.4166667
21.01.2018,17.83708333,81.04875,196.4166667
22.01.2018,18.21791667,82.15583333,197.375
23.01.2018,17.9025,82.02041667,190.5833333
24.01.2018,17.235,86.04583333,195.3333333
25.01.2018,17.65291667,75.35666667,196.8333333
26.01.2018,16.27458333,72.17708333,174.125
27.01.2018,14.93333333,69.58791667,191.5
28.01.2018,13.75166667,70.66583333,193.0833333
29.01.2018,14.14333333,68.09208333,192.6666667
30.01.2018,14.40958333,69.11875,194.375
31.01.2018,15.225,73.97,198.3333333
01.02.2018,16.70916667,75.98666667,200.2916667
02.02.2018,18.25375,79.9875,189.7083333
03.02.2018,17.96666667,83.46625,196.5833333
04.02.2018,18.29,84.58,205.0416667
05.02.2018,19.025,83.83375,202.0416667
06.02.2018,19.17625,83.48166667,192.875
07.02.2018,18.94041667,76.48083333,197.9166667
08.02.2018,18.56375,77.4675,199.9166667
09.02.2018,18.5075,72.32916667,192.125
10.02.2018,19.35708333,71.63416667,201.25
11.02.2018,18.54208333,64.99416667,199.5416667
12.02.2018,19.82291667,67.39791667,205.125
13.02.2018,20.58791667,68.0325,205.125
14.02.2018,19.69833333,74.60708333,208.8333333
15.02.2018,19.41125,74.075,220
16.02.2018,19.85125,74.36666667,177.5416667
17.02.2018,18.94458333,70.84625,205.4583333
18.02.2018,19.45583333,67.23375,202.5416667
19.02.2018,20.52958333,63.98458333,201.25
20.02.2018,20.3725,70.835,200.3333333
21.02.2018,20.78708333,69.47416667,198.5416667
22.02.2018,20.92458333,64.705,205.8333333
23.02.2018,21.36083333,69.17416667,192.6666667
24.02.2018,22.62791667,74.325,196.875
25.02.2018,23.38166667,71.69875,217.125
26.02.2018,21.79416667,78.75541667,166.25
27.02.2018,21.86,70.41125,204.0416667
28.02.2018,22.18083333,73.39875,205.1666667
01.03.2018,22.35458333,73.33333333,210.2083333
02.03.2018,22.91791667,70.35625,197.0833333
03.03.2018,22.80708333,75.40666667,217.7916667
04.03.2018,23.53666667,77.61958333,239.0416667
05.03.2018,24.075,73.39333333,242.375
06.03.2018,22.60583333,73.15041667,240.5833333
07.03.2018,23.1625,51.99583333,228.875
08.03.2018,22.00208333,62.89875,225.6666667
09.03.2018,23.16416667,61.3875,206.875
10.03.2018,23.01708333,57.55708333,216.4583333
11.03.2018,22.86541667,54.55625,225.8333333
12.03.2018,22.92875,63.42208333,230.2083333
13.03.2018,23.14875,71.045,209.0833333
14.03.2018,23.06083333,71.84666667,213.875
15.03.2018,24.2375,73.73625,235.5833333
16.03.2018,23.53708333,81.47416667,208.625
17.03.2018,23.97166667,78.5,236.125
18.03.2018,24.37666667,69.55,228.9166667
19.03.2018,24.41416667,58.07541667,239.6666667
20.03.2018,24.05666667,59.91458333,239.9583333
21.03.2018,24.88125,59.47458333,247.5
22.03.2018,25.0825,63.06333333,262
23.03.2018,25.0775,68.0025,234.2916667
24.03.2018,25.455,70.11458333,262.2916667
25.03.2018,25.8275,67.8825,272.625
26.03.2018,25.94458333,68.73416667,209.75
27.03.2018,24.99375,73.62791667,212.875
28.03.2018,24.89916667,73.8625,242.0416667
29.03.2018,25.41,73.41875,182.8333333
30.03.2018,24.92875,78.40166667,101.3333333
31.03.2018,24.55541667,69.41416667,145.4583333
01.04.2018,24.91375,67.57833333,220
02.04.2018,25.6175,68.36416667,241.875
03.04.2018,25.56958333,71.5525,229.0833333
04.04.2018,26.23833333,68.2775,260.3333333
05.04.2018,25.26583333,73.76541667,220.0833333
06.04.2018,25.01583333,75.375,203.7916667
07.04.2018,25.76,74.68208333,239.4166667
08.04.2018,23.33,90.0775,238.4166667
09.04.2018,24.97791667,83.30333333,253.5416667
10.04.2018,25.69291667,79.1675,217.3333333
11.04.2018,25.02791667,80.96166667,208.0416667
12.04.2018,25.37458333,79.81208333,229.25
13.04.2018,25.42083333,76.8025,226.8333333
14.04.2018,25.95916667,79.68291667,223.1666667
15.04.2018,26.26333333,78.25541667,255.9583333
16.04.2018,27.55208333,66.62708333,275.4583333
17.04.2018,27.48916667,69.31916667,236.4583333
18.04.2018,26.35291667,76.73708333,241.2083333
19.04.2018,25.75375,83.28916667,213.5833333
20.04.2018,26.31875,85.66666667,201
21.04.2018,26.38583333,89.28916667,201.6666667
22.04.2018,26.86375,87.66125,210.4166667
23.04.2018,26.87208333,83.01875,253.3333333
24.04.2018,26.74708333,69.7175,257.75
25.04.2018,26.39791667,74.1375,214.5
26.04.2018,27.14166667,61.46916667,233.5416667
27.04.2018,26.41041667,68.49541667,226.6666667
28.04.2018,26.90541667,73.26875,240.4166667
29.04.2018,24.9775,87.35875,188.9583333
30.04.2018,24.93125,85.48458333,192
01.05.2018,25.21375,82.97375,187
02.05.2018,25.26375,80.36708333,190.875
03.05.2018,25.95,80.38791667,234.75
04.05.2018,25.80833333,84.86625,194.5833333
05.05.2018,25.97625,90.37958333,206.375
06.05.2018,26.7575,90.2475,217
07.05.2018,26.87583333,90.32208333,182.9166667
08.05.2018,27.08083333,90.15125,204.2916667
09.05.2018,26.91041667,90.85875,175.6666667
10.05.2018,26.42541667,89.93583333,166.2083333
11.05.2018,26.4775,84.59541667,172.7916667
12.05.2018,26.3525,81.395,235.125
13.05.2018,27.01333333,79.17166667,245.25
14.05.2018,26.25708333,88.02166667,259.2916667
15.05.2018,26.01791667,90.32083333,222.875
16.05.2018,25.52625,88.79416667,225.0833333
17.05.2018,26.27958333,84.38,258.4166667
18.05.2018,26.34458333,88.09375,244.5416667
19.05.2018,26.41833333,88.90958333,273.3333333
20.05.2018,26.8,90.12041667,295.5833333
21.05.2018,26.91416667,90.46875,274.7916667
22.05.2018,26.85,91.42125,280.375
23.05.2018,27.22125,89.98208333,280.5833333
24.05.2018,26.945,90.64375,270.2083333
25.05.2018,26.9575,92.5125,240.3333333
26.05.2018,27.55166667,92.025,249.625
27.05.2018,28.34958333,87.42916667,290.0416667
28.05.2018,28.42416667,84.71416667,319.9583333
29.05.2018,28.99583333,74.12208333,271.7083333
30.05.2018,28.67833333,77.46833333,311.1666667
31.05.2018,27.67708333,88.5425,285.4583333
01.06.2018,27.15541667,89.62875,302.9166667
02.06.2018,27.45375,84.97166667,329.9166667
03.06.2018,28.30291667,86.00791667,337.625
04.06.2018,28.16291667,85.92416667,340.7083333
05.06.2018,29.94583333,77.53666667,336.375
06.06.2018,28.9675,86.39875,322.9166667
07.06.2018,28.16583333,88.04375,344.25
08.06.2018,29.00625,82.57625,323.5416667
09.06.2018,29.34583333,83.92583333,361.6666667
10.06.2018,28.77958333,87.48041667,356.4583333
11.06.2018,28.55791667,86.22875,316.125
12.06.2018,27.7775,93.17458333,295.25
13.06.2018,27.19333333,94.18791667,284.8333333
14.06.2018,27.89958333,94.02375,241.3333333
15.06.2018,27.38583333,94.27625,216.375
16.06.2018,27.27416667,91.84458333,228.8333333
17.06.2018,28.3425,87.69833333,226.6666667
18.06.2018,28.77666667,87.58333333,231.4583333
19.06.2018,29.09791667,86.16875,251.8333333
20.06.2018,28.84083333,87.98208333,318.125
21.06.2018,28.035,91.88083333,319.7916667
22.06.2018,28.19541667,90.24458333,317.9583333
23.06.2018,28.07208333,91.21541667,311.875
24.06.2018,27.61958333,91.58583333,310.75
25.06.2018,28.07833333,91.29,296.6666667
26.06.2018,27.9925,87.8625,303.9583333
27.06.2018,28.96166667,85.92625,322.8333333
28.06.2018,27.74666667,90.70333333,333.0833333
29.06.2018,27.55416667,90.15708333,302.4583333
30.06.2018,26.96708333,93.60375,292
01.07.2018,27.33416667,93.27083333,322.9583333
02.07.2018,27.84708333,91.93416667,307.8333333
03.07.2018,27.16375,94.58583333,295.5833333
04.07.2018,27.42375,93.6675,292
05.07.2018,27.68541667,90.36958333,298.8333333
06.07.2018,28.70166667,88.70166667,309.7083333
07.07.2018,28.49541667,84.30708333,334.7083333
08.07.2018,28.55291667,87.68958333,339.7083333
09.07.2018,28.47916667,88.945,340.875
10.07.2018,28.18666667,89.1875,337.875
11.07.2018,28.73833333,88.55958333,350
12.07.2018,27.76708333,87.26625,350.125
13.07.2018,29.00833333,83.59416667,322.5833333
14.07.2018,29.08375,85.42208333,338.875
15.07.2018,30.53791667,78.29833333,326.8333333
16.07.2018,29.67041667,86.64041667,348.125
17.07.2018,28.88041667,85.6725,358.625
18.07.2018,29.86875,83.23916667,370.25
19.07.2018,31.41708333,79.6425,395.625
20.07.2018,31.13583333,83.92083333,375.375
21.07.2018,29.12791667,84.8725,335.125
22.07.2018,28.18375,87.83541667,326.9583333
23.07.2018,27.7075,90.83833333,315.4583333
24.07.2018,27.07541667,93.83041667,310.0416667
25.07.2018,27.6375,91.38541667,315.875
26.07.2018,27.74958333,90.80208333,324.5
27.07.2018,28.21,88.78708333,301.7916667
28.07.2018,27.98291667,90.60208333,314.0416667
29.07.2018,27.995,90.69083333,328.9166667
30.07.2018,27.19958333,92.55791667,320.5416667
31.07.2018,27.25,90.22125,316.4583333
01.08.2018,27.42125,90.91416667,312.5416667
02.08.2018,26.72,92.99791667,293.8333333
03.08.2018,27.16833333,89.87958333,280.2083333
04.08.2018,27.9475,89.66375,310.75
05.08.2018,28.66,88.65875,334.4166667
06.08.2018,28.33708333,87.045,343.9166667
07.08.2018,28.89125,85.83625,346.3333333
08.08.2018,27.95958333,87.33916667,361.9166667
09.08.2018,27.35166667,89.6975,343.3333333
10.08.2018,28.34083333,86.57291667,349.125
11.08.2018,27.82416667,92.16375,331.9166667
12.08.2018,27.52208333,89.23,342.5416667
13.08.2018,28.72708333,83.14375,358.875
14.08.2018,29.02125,83.9475,354.7083333
15.08.2018,29.9525,83.77958333,349.5416667
16.08.2018,28.56541667,87.01833333,358.9166667
17.08.2018,29.05708333,85.55791667,355.4583333
18.08.2018,30.58541667,80.76083333,379.7083333
19.08.2018,30.78041667,84.32833333,354.4583333
20.08.2018,30.18791667,85.21083333,350.5833333
21.08.2018,28.08458333,90.89541667,327.0833333
22.08.2018,28.56,88.14,314.5833333
23.08.2018,28.8475,88.71416667,336.8333333
24.08.2018,27.41208333,93.19041667,311.9583333
25.08.2018,27.86875,87.49125,323.5
26.08.2018,27.76208333,87.11666667,325.625
27.08.2018,28.20791667,83.56,345
28.08.2018,27.98291667,84.67666667,340.5833333
29.08.2018,27.77625,90.9375,340.5416667
30.08.2018,28.1775,88.89375,344.8333333
31.08.2018,28.71291667,86.80583333,340.25
01.09.2018,27.19916667,93.51208333,314.5416667
02.09.2018,27.15666667,90.52666667,333.375
03.09.2018,27.66833333,90.3225,345.0416667
04.09.2018,28.71458333,87.56041667,318.2916667
05.09.2018,28.76125,87.53416667,336.4166667
06.09.2018,28.59291667,84.56791667,360.375
07.09.2018,27.5625,87.85125,350.25
08.09.2018,27.41416667,89.24625,362.5416667
09.09.2018,27.42708333,90.33333333,359
10.09.2018,27.27166667,90.685,339.6666667
11.09.2018,27.10833333,91.79416667,316.7916667
12.09.2018,26.52125,94.63583333,292.5
13.09.2018,26.90958333,92.09166667,305.0416667
14.09.2018,26.7725,92.46,296.875
15.09.2018,28.03791667,86.15833333,332
16.09.2018,28.58916667,83.1175,359.6666667
17.09.2018,29.11833333,83.23333333,368.375
18.09.2018,29.62458333,81.43458333,386.2916667
19.09.2018,28.57791667,86.27541667,367.9583333
20.09.2018,27.86416667,87.04708333,347.5416667
21.09.2018,27.42041667,86.28833333,344.4583333
22.09.2018,27.43166667,86.08416667,344.375
23.09.2018,27.90041667,83.53833333,349.7083333
24.09.2018,27.46083333,86.22625,326.875
25.09.2018,26.79041667,92.3625,284.2083333
26.09.2018,27.0075,90.08291667,315.5416667
27.09.2018,27.34375,85.01833333,301.7916667
28.09.2018,27.49583333,82.55958333,325.125
29.09.2018,28.08208333,82.93,335.2083333
30.09.2018,27.97375,83.46291667,349.8333333
01.10.2018,27.7775,79.685,243.375
02.10.2018,27.27291667,77.79458333,232.375
03.10.2018,26.53208333,80.16208333,243.6666667
04.10.2018,26.78375,79.14791667,229.9583333
05.10.2018,26.86208333,79.86458333,225.7916667
06.10.2018,26.67125,79.59708333,230.1666667
07.10.2018,26.37916667,80.1575,216.2083333
08.10.2018,26.29666667,77.30666667,213.9583333
09.10.2018,25.46,77.4525,202.2916667
10.10.2018,25.31875,79.52041667,214.4166667
11.10.2018,24.32291667,86.93791667,214.875
12.10.2018,24.1925,85.69791667,217.9583333
13.10.2018,24.03083333,89.10166667,216.2916667
14.10.2018,25.16208333,88.06291667,219.75
15.10.2018,24.22458333,79.76291667,216
16.10.2018,23.82625,76.58916667,200.4583333
17.10.2018,23.80041667,73.61416667,208.7083333
18.10.2018,24.02458333,77.16083333,210.4166667
19.10.2018,23.94208333,80.29958333,206.6666667
20.10.2018,24.58166667,77.74583333,203.25
21.10.2018,24.88166667,75.72875,200.4583333
22.10.2018,24.82583333,76.21833333,208.7083333
23.10.2018,24.60208333,77.56458333,191.0833333
24.10.2018,24.6825,77.31208333,194.4583333
25.10.2018,23.98125,78.7,201
26.10.2018,24.18708333,81.61083333,203.125
27.10.2018,24.96583333,80.68833333,200.8333333
28.10.2018,24.09875,82.43375,202.1666667
29.10.2018,22.81833333,79.48416667,204.2916667
30.10.2018,23.60125,82.56208333,189.6666667
31.10.2018,24.09833333,83.145,195.75
01.11.2018,24.66958333,81.78083333,200.4166667
02.11.2018,24.23833333,81.79708333,197.1666667
03.11.2018,23.83833333,83.32291667,202.0416667
04.11.2018,22.97708333,89.08,203.7083333
05.11.2018,23.13166667,89.52666667,202.3333333
06.11.2018,23.57875,89.15791667,184.5
07.11.2018,23.05666667,68.72375,197.1666667
08.11.2018,22.52833333,74.38333333,196.5833333
09.11.2018,21.56291667,77.25875,201.3333333
10.11.2018,21.78333333,76.60166667,202.7083333
11.11.2018,21.745,74.98375,206.5
12.11.2018,20.94875,78.43916667,205.5416667
13.11.2018,21.02375,79.83708333,193.0416667
14.11.2018,21.16166667,78.1175,199.5
15.11.2018,21.5625,78.135,198.3333333
16.11.2018,21.70333333,81.195,203.5
17.11.2018,20.86583333,86.91958333,184.5833333
18.11.2018,20.51083333,76.22625,206.9583333
19.11.2018,19.53291667,75.01375,201.5
20.11.2018,19.345,75.12041667,189.4166667
21.11.2018,20.34541667,75.09458333,197.75
22.11.2018,21.11916667,76.06333333,201.875
23.11.2018,20.2775,79.14041667,200.7916667
24.11.2018,20.2075,79.28708333,203.1666667
25.11.2018,20.58291667,78.78083333,204.875
26.11.2018,20.30083333,77.91125,203.2916667
27.11.2018,21.05458333,76.21583333,194.6666667
28.11.2018,20.435,74.49666667,192.75
29.11.2018,19.94833333,73.27333333,155.4166667
30.11.2018,19.65625,72.985,184.9583333
01.12.2018,19.64083333,71.05583333,194.7916667
02.12.2018,19.32166667,75.35791667,199.0416667
03.12.2018,19.04666667,76.01083333,201.875
04.12.2018,19.23041667,76.07541667,193.0416667
05.12.2018,19.71416667,73.09833333,198.625
06.12.2018,19.41625,75.65583333,203.5833333
07.12.2018,18.62083333,80.51583333,202.9583333
08.12.2018,18.69208333,77.61125,198.2916667
09.12.2018,18.44833333,74.52625,203.8333333
10.12.2018,18.82958333,72.645,199.9166667
11.12.2018,19.23583333,75.13916667,192.0833333
12.12.2018,19.2125,78.85958333,199.5833333
13.12.2018,19.53083333,75.13,203.9583333
14.12.2018,19.04458333,78.16083333,204.7916667
15.12.2018,19.25125,74.25583333,204.0833333
16.12.2018,19.84666667,73.29416667,204.0833333
17.12.2018,19.98333333,78.475,207.0416667
18.12.2018,18.99416667,89.2575,194.7083333
19.12.2018,19.02458333,84.7475,195.25
20.12.2018,18.23833333,81.9825,207.25
21.12.2018,17.45458333,84.2625,204.4166667
22.12.2018,18.41083333,77.24208333,208.125
23.12.2018,18.86458333,67.18541667,207
24.12.2018,17.48125,71.90166667,204.75
25.12.2018,16.49625,80.555,198.7916667
26.12.2018,16.33708333,78.96125,199
27.12.2018,16.09791667,74.58583333,212.0833333
28.12.2018,15.0025,76.23458333,213.4583333
29.12.2018,15.53208333,64.97333333,206.0416667
30.12.2018,16.73458333,68.11625,206.9583333
31.12.2018,18.015,60.62208333,209.2083333
01.02.2019,18.40347826,63.88913043,198.3043478
02.02.2019,17.87041667,66.87416667,211.7916667
03.02.2019,18.13458333,64.88541667,211.9166667
04.02.2019,18.15208333,57.81541667,216.8333333
05.02.2019,18.66875,59.65166667,218.0416667
06.02.2019,18.31333333,59.67916667,214.6666667
07.02.2019,18.82541667,62.87333333,216.2916667
08.02.2019,20.89333333,65.15375,204.9166667
09.02.2019,21.39291667,71.19375,210.8333333
10.02.2019,19.19458333,61.14875,215.0416667
11.02.2019,18.54708333,61.27083333,213.5833333
12.02.2019,19.4,61.65375,216.5833333
13.02.2019,20.25291667,65.00833333,216.125
14.02.2019,21.63041667,61.24291667,214.625
15.02.2019,21.44041667,65.66375,199.6666667
16.02.2019,20.65333333,68.69208333,207.4583333
17.02.2019,18.5475,78.72625,196
18.02.2019,17.24916667,69.77958333,205.9583333
19.02.2019,17.96166667,63.78958333,204.7916667
20.02.2019,19.10875,71.41958333,211.5
21.02.2019,20.26541667,68.46666667,208
22.02.2019,20.24,68.05291667,195.5416667
23.02.2019,20.55166667,74.64625,207.9166667
24.02.2019,21.29708333,64.1475,214.875
25.02.2019,20.44125,60.24708333,204.4583333
26.02.2019,20.34916667,73.91083333,195.9166667
27.02.2019,19.41333333,80.92166667,189.1666667
28.02.2019,19.2675,86.76083333,198.7916667
01.03.2019,17.66625,60.94958333,185.25
02.03.2019,18.27541667,59.90416667,194.375
03.03.2019,19.16333333,64.05708333,204.75
04.03.2019,19.19083333,68.375,208.625
05.03.2019,18.51708333,83.18083333,201.5416667
06.03.2019,20.63625,72.48791667,208.4583333
07.03.2019,22.04375,61.48708333,214.0416667
08.03.2019,20.7675,53.63458333,196.7083333
09.03.2019,19.82333333,52.40916667,207.1666667
10.03.2019,20.15958333,64.09208333,205.9583333
11.03.2019,21.82666667,71.255,224.0416667
12.03.2019,23.67125,59.46625,229.75
13.03.2019,23.1825,57.76541667,244.5833333
14.03.2019,24.05125,60.50291667,253.2916667
15.03.2019,24.87541667,62.31166667,242.125
16.03.2019,24.93958333,62.915,260.625
17.03.2019,25.89083333,54.60666667,263.125
18.03.2019,24.44875,56.74708333,235.875
19.03.2019,23.27833333,62.24708333,239.125
20.03.2019,23.65833333,66.61416667,244.625
21.03.2019,24.73333333,62.19041667,252.875
22.03.2019,24.58375,69.9325,198.75
23.03.2019,25.01875,72.60916667,217.2916667
24.03.2019,24.35333333,60.36666667,244
25.03.2019,25.20916667,46.10666667,251.3333333
26.03.2019,25.98666667,48.685,242.2916667
27.03.2019,25.20041667,54.69041667,226.7916667
28.03.2019,25.58,53.5625,244.125
29.03.2019,25.97333333,57.30083333,253
30.03.2019,26.72875,60.02541667,284.2916667
31.03.2019,25.78166667,75.57125,170
01.04.2019,24.60041667,84.48375,167
02.04.2019,24.95458333,79.48416667,165.5
03.04.2019,24.46583333,77.85666667,209.2916667
04.04.2019,24.90916667,75.47916667,240
05.04.2019,25.545,76.09625,212.1666667
06.04.2019,25.42416667,72.6125,255.3333333
07.04.2019,24.62208333,78.41916667,209.0833333
08.04.2019,24.67875,78.57875,214.0833333
09.04.2019,23.56291667,86.26041667,175.375
10.04.2019,24.37125,80,220.5833333
11.04.2019,25.51291667,73.78416667,266.5833333
12.04.2019,26.37875,73.05458333,274
13.04.2019,27.30708333,70.89041667,308.3333333
14.04.2019,26.82333333,74.615,317.2083333
15.04.2019,26.72291667,77.40958333,233.7916667
16.04.2019,26.93041667,77.64541667,288.9166667
17.04.2019,28.17208333,73.00291667,233.2916667
18.04.2019,27.20125,69.02625,295.4166667
19.04.2019,27.51166667,63.44,296
20.04.2019,27.67875,58.70541667,267.875
21.04.2019,26.26958333,66.54958333,281.4166667
22.04.2019,26.82625,66.36208333,235.5833333
23.04.2019,27.15291667,63.83583333,295.4583333
24.04.2019,27.98291667,65.15875,324.6666667
25.04.2019,29.69958333,62.26708333,349.8333333
26.04.2019,30.01458333,64.1825,339.125
27.04.2019,28.56208333,71.97166667,343.3333333
28.04.2019,28.77875,80.18083333,228.4583333
29.04.2019,28.21791667,81.23416667,261.0833333
30.04.2019,28.135,82.53416667,245.8333333
01.05.2019,27.72333333,85.12,291.875
02.05.2019,28.18208333,79.8075,311.3333333
03.05.2019,26.92291667,83.47791667,267.4166667
04.05.2019,26.43375,85.43583333,152.0833333
05.05.2019,26.53458333,81.3175,255.875
06.05.2019,27.40791667,83.89208333,289.75
07.05.2019,27.83,79.35,328.8333333
08.05.2019,28.68583333,77.14291667,335.3333333
09.05.2019,28.00708333,87.32541667,313.9166667
10.05.2019,28.3175,85.36458333,339.2916667
11.05.2019,28.11416667,88.19583333,352.9583333
12.05.2019,27.935,86.4325,313
13.05.2019,28.29541667,83.00125,250.5416667
14.05.2019,28.17208333,78.39875,266.5
15.05.2019,28.01708333,79.95,309.5833333
16.05.2019,27.96583333,78.01291667,305.5416667
17.05.2019,27.71083333,84.99333333,249.5
18.05.2019,27.74875,87.82041667,255
19.05.2019,27.54541667,88.23416667,284.7916667
20.05.2019,27.89083333,82.10708333,366.5833333
21.05.2019,28.80416667,77.78416667,372.25
22.05.2019,28.56291667,82.60166667,341.3333333
23.05.2019,27.73291667,84.77833333,282.6666667
24.05.2019,27.28,90.3025,214.2916667
25.05.2019,26.65375,92.75291667,250.4166667
26.05.2019,27.70291667,85.45291667,311.9583333
27.05.2019,28.41291667,82.87291667,315.25
28.05.2019,28.66166667,79.53625,347.7083333
29.05.2019,28.98,78.89083333,388.7916667
30.05.2019,29.00916667,82.68791667,379.9583333
31.05.2019,29.21458333,77.75291667,334.5833333
01.06.2019,27.80083333,85.12541667,315.5416667
02.06.2019,28.30083333,82.125,334.0833333
03.06.2019,27.63208333,83.14291667,317.3333333
04.06.2019,27.28333333,91.06083333,248.0833333
05.06.2019,26.51208333,90.46583333,254.375
06.06.2019,26.72583333,88.81916667,297.7083333
07.06.2019,27.50916667,88.27958333,309.0416667
08.06.2019,26.73458333,92.49708333,320.5833333
09.06.2019,27.76833333,91.12125,345.2916667
10.06.2019,28.62833333,89.1275,349.6666667
11.06.2019,28.695,88.1,381.8333333
12.06.2019,30.08916667,80.57583333,403.3333333
13.06.2019,30.76375,80.93333333,414
14.06.2019,28.22416667,93.64083333,325.2916667
15.06.2019,28.54208333,91.90333333,349.6666667
16.06.2019,28.59166667,90.67125,367.5
17.06.2019,28.72208333,89.80791667,354.25
18.06.2019,28.98208333,87.0725,370.7083333
19.06.2019,30.69333333,77.47333333,414.125
20.06.2019,27.94208333,89.81041667,398.5
21.06.2019,28.74333333,88.77083333,363.6666667
22.06.2019,28.76208333,88.8825,370.2916667
23.06.2019,28.91416667,87.35166667,393.4583333
24.06.2019,28.58166667,89.02541667,416.6666667
25.06.2019,28.91041667,90.03625,385.9166667
26.06.2019,28.14791667,93.79958333,306.5833333
27.06.2019,27.65166667,94.28958333,293.1666667
28.06.2019,28.17416667,93.21708333,255.25
29.06.2019,28.44791667,88.88833333,339.75
30.06.2019,29.81375,83.93208333,383.5833333
01.07.2019,30.21416667,85.29,398.5833333
02.07.2019,28.97833333,85.48833333,404.2083333
03.07.2019,28.9475,87.22958333,402.6666667
04.07.2019,29.47708333,86.17458333,398.8333333
05.07.2019,28.98583333,89.13791667,400.9583333
06.07.2019,28.7725,89.575,364.25
07.07.2019,28.29416667,92.17125,358.7916667
08.07.2019,27.68791667,93.95375,332.4583333
09.07.2019,27.74625,92.74791667,331.1666667
10.07.2019,27.15875,95.5575,330.3333333
11.07.2019,27.19916667,95.42791667,291.2916667
12.07.2019,27.11791667,94.76541667,263.4583333
13.07.2019,27.28833333,94.5,279.9583333
14.07.2019,26.49,95.41791667,276.5416667
15.07.2019,27.11666667,95.08833333,262.7083333
16.07.2019,28.37291667,86.95,302.625
17.07.2019,29.05541667,84.80291667,372.2916667
18.07.2019,29.68041667,82.88375,398.75
19.07.2019,28.89125,86.29666667,374.3333333
20.07.2019,27.89958333,89.18666667,389.375
21.07.2019,28.37041667,90.37958333,377.4583333
22.07.2019,27.12583333,92.32125,360.7083333
23.07.2019,27.11458333,91.76541667,360.7083333
24.07.2019,27.50708333,92.22416667,337.1666667
25.07.2019,27.99833333,88.41208333,363.125
26.07.2019,27.48,89.35208333,352.0833333
27.07.2019,28.2,86.21291667,356.5416667
28.07.2019,28.50541667,86.90916667,385.5416667
29.07.2019,27.46958333,89.40583333,394
30.07.2019,27.27583333,91.1825,366.8333333
31.07.2019,27.36875,91.12208333,360.75
01.08.2019,28.14041667,87.40375,376.3333333
02.08.2019,28.15541667,87.84708333,375.125
03.08.2019,28.60208333,87.31583333,386.875
04.08.2019,29.42833333,83.685,401.625
05.08.2019,31.00625,80.25458333,431.7916667
06.08.2019,30.31041667,84.8675,427.5
07.08.2019,29.24083333,87.71125,421
08.08.2019,28.33791667,87.62458333,398.625
09.08.2019,28.3075,88.9975,404.125
10.08.2019,28.89291667,88.43041667,396.2083333
11.08.2019,31.00958333,79.06958333,403.6666667
12.08.2019,29.865,86.39958333,370
13.08.2019,27.82458333,89.35208333,347.8333333
14.08.2019,27.21166667,92.06541667,348.5416667
15.08.2019,27.57625,91.95708333,327.4583333
16.08.2019,26.955,94.7975,326.1666667
17.08.2019,28.25916667,89.055,356.4166667
18.08.2019,27.70541667,90.70875,373.25
19.08.2019,28.17791667,88.59333333,388.0416667
20.08.2019,28.12833333,89.60416667,397.2916667
21.08.2019,29.36583333,82.92916667,409.3333333
22.08.2019,29.49083333,83.1975,403.875
23.08.2019,28.075,89.84125,375.75
24.08.2019,27.72166667,89.29916667,376.75
25.08.2019,29.25833333,83.11958333,404.1666667
26.08.2019,29.085,84.39875,425.6666667
27.08.2019,29.1075,86.32791667,420.4166667
28.08.2019,28.5875,88.3375,418.5833333
29.08.2019,28.66625,87.47625,426.125
30.08.2019,29.37708333,83.95625,421.7916667
31.08.2019,29.16125,82.995,403.4583333
01.09.2019,29.87125,78.73458333,429.9583333
02.09.2019,29.16125,85.18375,424.625
03.09.2019,29.0775,87.38041667,414.0416667
04.09.2019,28.19708333,83.9875,406.4583333
05.09.2019,28.8425,82.375,395.5833333
06.09.2019,28.86583333,84.22916667,391.8333333
07.09.2019,28.94916667,85.80166667,387.4583333
08.09.2019,27.74583333,90.66041667,394
09.09.2019,28.03125,91.30041667,392.0416667
10.09.2019,27.63916667,93.27541667,394.625
11.09.2019,28.28708333,91.00416667,409.5833333
12.09.2019,27.39375,92.35958333,388.875
13.09.2019,26.96791667,93.55208333,347.9166667
14.09.2019,27.21,90.80666667,368.0416667
15.09.2019,28.28083333,86.50125,406.625
16.09.2019,28.34541667,85.87958333,399.5416667
17.09.2019,28.49208333,83.03041667,399.75
18.09.2019,28.91916667,79.82291667,412.8333333
19.09.2019,28.90041667,80.0025,417.5416667
20.09.2019,28.59666667,81.53166667,409.375
21.09.2019,28.10208333,84.11208333,399.125
22.09.2019,28.21916667,84.37458333,384.9166667
23.09.2019,26.21125,88.3175,366.5416667
24.09.2019,26.4425,87.7425,328.125
25.09.2019,25.70041667,85.935,306.375
26.09.2019,26.50958333,84.1975,344.5
27.09.2019,26.785,84.32541667,354.8333333
28.09.2019,26.65,84.82291667,345.5833333
29.09.2019,25.99083333,83.47666667,331.2916667
30.09.2019,24.98041667,89.22125,317.2916667
01.10.2019,25.07166667,90.02625,286.7916667
02.10.2019,26.0675,88.47083333,300.0833333
03.10.2019,26.22,90.13541667,327.7083333
04.10.2019,26.52083333,85.07708333,344.4166667
05.10.2019,26.99958333,84.98416667,351.2083333
06.10.2019,26.65083333,86.89291667,361.9583333
07.10.2019,26.76125,85.27625,348.9166667
08.10.2019,26.2225,87.78916667,325
09.10.2019,25.655,87.15083333,313.7083333
10.10.2019,24.52166667,89.35708333,279.375
11.10.2019,25.645,86.51041667,292.2083333
12.10.2019,26.18166667,80.13916667,329
13.10.2019,25.56083333,81.72333333,338.5833333
14.10.2019,26.00583333,80.08583333,356.1666667
15.10.2019,26.9975,81.82791667,360.7916667
16.10.2019,26.54833333,84.54,346.2083333
17.10.2019,27.55041667,79.42,361.9583333
18.10.2019,27.2825,79.44541667,354.7083333
19.10.2019,27.0575,79.0725,356
20.10.2019,26.53625,79.81916667,376.7083333
21.10.2019,25.66541667,84.01875,363.375
22.10.2019,25.00875,88.32833333,348.75
23.10.2019,24.53958333,79.04208333,334.625
24.10.2019,23.07125,83.25125,278.25
25.10.2019,22.72125,89.93708333,221.8333333
26.10.2019,24.29666667,94.87791667,223.4583333
27.10.2019,25.34875,87.59166667,248.9166667
28.10.2019,24.9425,83.13916667,264.2083333
29.10.2019,25.14166667,85.99208333,289.0416667
30.10.2019,25.22041667,84.4375,303.0416667
31.10.2019,24.15125,82.39458333,297.4583333
01.11.2019,24.19083333,81.70458333,272.2916667
02.11.2019,24.61291667,79.22041667,
03.11.2019,24.56083333,82.59041667,
04.11.2019,24.47583333,80.65125,
05.11.2019,23.6775,83.17916667,
06.11.2019,23.72291667,79.80708333, 
07.11.2019,24.2325,78.63708333, 
08.11.2019,25.10666667,79.75, 
09.11.2019,23.13958333,89.90333333,250.5
10.11.2019,22.46666667,88.25541667,232.4583333
11.11.2019,23.86916667,85.09916667,235.7916667
12.11.2019,23.97583333,85.23208333,241.7083333
13.11.2019,24.00708333,82.37833333,254.625
14.11.2019,24.3525,79.10916667,260.4583333
15.11.2019,23.49916667,81.955,242.25
16.11.2019,22.46583333,84.39833333,240.25
17.11.2019,21.98166667,84.95625,238.1666667
18.11.2019,21.85666667,84.18291667,240.375
19.11.2019,21.49916667,81.78875,237.7916667
20.11.2019,20.79791667,82.09166667,233.75
21.11.2019,20.8375,79.21416667,224.875
22.11.2019,20.2525,80.87458333,210.4166667
23.11.2019,20.30583333,78.05916667,212.6666667
24.11.2019,20.65916667,80.49875,218.5
25.11.2019,21.63833333,78.53625,219.5416667
26.11.2019,21.30041667,79.94083333,221.5833333
27.11.2019,21.88333333,77.11625,228.6666667
28.11.2019,22.72916667,74.72625,225.625
29.11.2019,21.76083333,78.09708333,216.4583333
30.11.2019,21.00083333,81.185,221.5416667
01.12.2019,20.25916667,81.61708333,216.6666667
02.12.2019,19.36416667,81.85166667,215.25
03.12.2019,18.69333333,77.14583333,209.25
04.12.2019,19.185,75.90625,209.625
05.12.2019,20.25291667,73.94916667,212.875
06.12.2019,19.3,72.45041667,202.1666667
07.12.2019,20.36875,75.52875,201.4166667
08.12.2019,20.295,74.87208333,212.7083333
09.12.2019,19.44958333,79.56166667,209.9166667
10.12.2019,18.71416667,81.80291667,217.0833333
11.12.2019,18.49666667,83.30916667,212.375
12.12.2019,18.03958333,82.26708333,210.2083333
13.12.2019,18.47125,79.40875,201.4166667
14.12.2019,18.705,77.94208333,213.7916667
15.12.2019,18.64791667,79.2725,206.7083333
16.12.2019,18.40458333,84.15375,204.3333333
17.12.2019,17.35166667,83.5175,205.625
18.12.2019,16.8675,80.39583333,210.7083333
19.12.2019,16.29958333,84.33583333,204.7916667
20.12.2019,15.79833333,85.73166667,195.7083333
21.12.2019,14.92875,89.59708333,202.8333333
22.12.2019,15.1825,89.47083333,210.7083333
23.12.2019,16.00041667,80.57875,208.0833333
24.12.2019,15.64541667,83.26375,209.9166667
25.12.2019,14.75166667,81.31208333,208.7083333
26.12.2019,16.79166667,69.5075,212.7083333
27.12.2019,16.3575,81.03875,197.2916667
28.12.2019,16.56541667,76.58125,195.0833333
29.12.2019,16.56625,75.15333333,199.2916667
30.12.2019,16.99291667,73.62916667,206.125
31.12.2019,18.35416667,74.14541667,209.7083333
01.01.2020,18.88,78.10083333,215.25
02.01.2020,20.35333333,78.165,212
03.01.2020,18.23208333,86.7475,188.6666667
04.01.2020,17.32083333,88.09875,197.8333333
05.01.2020,16.205,85.74208333,207.5833333
06.01.2020,14.6925,76.30166667,202.9166667
07.01.2020,15.04208333,78.46916667,209.6666667
08.01.2020,16.62375,77.23458333,214.9166667
09.01.2020,16.7025,80.73541667,214.5416667
10.01.2020,16.40833333,80.71916667,202.5
11.01.2020,16.28,82.295,207.8333333
12.01.2020,17.0175,79.26458333,209.5
13.01.2020,16.75333333,81.62333333,213.7916667
14.01.2020,16.31958333,84.51541667,216.125
15.01.2020,17.24083333,82.83,214.75
16.01.2020,18.30166667,80.2975,210.4583333
17.01.2020,18.99166667,78.58791667,203.375
18.01.2020,18.94833333,78.49958333,203.5
19.01.2020,18.77333333,81.4425,213.875
20.01.2020,16.88708333,80.95041667,214.125
21.01.2020,14.905,73.48458333,213.2083333
22.01.2020,14.47916667,74.10458333,214.7916667
23.01.2020,14.29958333,74.06,210.2916667
24.01.2020,13.8,71.72875,205.4166667
25.01.2020,15.51291667,71.91583333,207.2916667
26.01.2020,14.86333333,75.60458333,207
27.01.2020,14.89083333,77.26083333,215.7083333
28.01.2020,14.92333333,80.80541667,208.0416667
29.01.2020,15.96958333,77.49208333,218.0416667
30.01.2020,16.65,79.94916667,220.9166667
31.01.2020,16.98,79.32583333,206.5
01.02.2020,15.60666667,77.88333333,211.5833333
02.02.2020,15.29291667,70.4575,210.3333333
03.02.2020,14.53458333,72.93916667,215.375
04.02.2020,15.93541667,74.0175,212.0833333
05.02.2020,15.32666667,75.67125,218.125
06.02.2020,16.11375,68.89,218.0833333
07.02.2020,16.31083333,68.63041667,211.875
08.02.2020,17.58583333,72.3675,207.375
09.02.2020,18.93166667,65.54458333,223.4583333
10.02.2020,16.92625,73.15791667,216.7916667
11.02.2020,16.77666667,71.14,223.6666667
12.02.2020,17.31666667,70.11166667,223.875
13.02.2020,17.33375,69.75041667,222.6666667
14.02.2020,18.14458333,64.8575,208.9583333
15.02.2020,18.41791667,76.10916667,219.875
16.02.2020,19.81958333,78.29208333,223.2916667
17.02.2020,19.65125,78.83583333,226.9583333
18.02.2020,19.64791667,68.25166667,226.8333333
19.02.2020,19.7175,70.56541667,227.9583333
20.02.2020,19.17708333,72.72083333,228
21.02.2020,21.65833333,63.50708333,220.125
22.02.2020,21.82291667,71.02875,223.1666667
23.02.2020,22.21333333,69.8775,233.1666667
24.02.2020,21.15,73.81333333,236.2916667
25.02.2020,20.71208333,74.315,224.125
26.02.2020,19.96875,76.685,213.9583333
27.02.2020,19.05041667,74.41,217.6666667
28.02.2020,19.93625,70.79333333,208.4583333
29.02.2020,21.21291667,69.60375,222.5416667
01.03.2020,21.26125,70.24791667,235.2083333
02.03.2020,21.60375,70.06583333,229.9583333
03.03.2020,21.51,70.25666667,234.5
04.03.2020,21.48875,71.44291667,231.2916667
05.03.2020,21.79666667,75.53625,222.4583333
06.03.2020,21.74875,76.425,211.5833333
07.03.2020,21.19708333,79.99708333,214.875
08.03.2020,20.88416667,79.20875,222.4166667
09.03.2020,20.98,66.05208333,218.1666667
10.03.2020,20.83791667,65.65916667,232.875
11.03.2020,21.26666667,64.415,235.3333333
12.03.2020,22.96583333,68.26375,245.25
13.03.2020,24.27833333,70.24166667,253.375
14.03.2020,23.91625,73.34416667,249.9583333
15.03.2020,23.95583333,70.51125,273.25
16.03.2020,23.76791667,65.97916667,274.9583333
17.03.2020,22.86583333,61.8225,262.9583333
18.03.2020,22.2725,64.98166667,260.4583333
19.03.2020,22.8625,58.75416667,258.125
20.03.2020,23.11375,60.02375,241.375
21.03.2020,23.06,60.95875,255.125
22.03.2020,22.17625,67.14541667,208.3333333
23.03.2020,22.26916667,69.90541667,231.4166667
24.03.2020,23.14541667,66.785,239.5833333
25.03.2020,24.50375,63.40375,237.0833333
26.03.2020,25.03208333,64.71625,250.75
27.03.2020,25.72541667,64.20833333,265.6666667
28.03.2020,25.92833333,67.59666667,276.0833333
29.03.2020,25.61208333,61.305,255.7083333
30.03.2020,25.80666667,45.72666667,239.4166667
31.03.2020,25.29083333,47.31791667,235
01.04.2020,26.41833333,44.77166667,242.0416667
02.04.2020,27.30625,59.7225,212.125
03.04.2020,27.0825,70.41041667,234.5
04.04.2020,26.29583333,64.53833333,248
05.04.2020,26.39,61.91375,261.2083333
06.04.2020,26.85,60.03625,265.875
07.04.2020,27.11833333,56.38041667,311.75
08.04.2020,28.2775,61.15416667,291.625
09.04.2020,27.70833333,65.25291667,282.25
10.04.2020,28.09416667,58.19166667,289.7916667
11.04.2020,27.20125,61.63875,211.875
12.04.2020,26.56583333,62.47625,194.7083333
13.04.2020,27.65833333,58.07291667,243.0833333
14.04.2020,29.33458333,56.77333333,283.75
15.04.2020,27.53458333,71.35708333,199.2708333
16.04.2020,26.11458333,73.13,195.9375
17.04.2020,25.75375,80.19083333,123.875
18.04.2020,25.16125,86.03916667,125.0416667
19.04.2020,26.79416667,79.60875,190.5833333
20.04.2020,26.19041667,81.3325,183.125
21.04.2020,25.83916667,79.21583333,219.0833333
22.04.2020,23.45416667,79.83458333,204.375
23.04.2020,24.19541667,79.38791667,202.0833333
24.04.2020,23.44625,81.905,182.4583333
25.04.2020,24.57291667,77.11583333,204.7083333
26.04.2020,25.32291667,77.25708333,222.2916667
27.04.2020,25.56708333,74.74333333,233.0416667
28.04.2020,23.65416667,85.34041667,228.2083333
29.04.2020,24.14416667,81.67,236.8333333
30.04.2020,25.76458333,77.09916667,255.0416667
01.05.2020,25.81041667,78.03041667,282.4166667
02.05.2020,25.82708333,78.45625,250.9166667
03.05.2020,26.13666667,78.35958333,251.0416667
04.05.2020,26.97375,77.08041667,289.125
05.05.2020,27.395,79.64,241.125
06.05.2020,26.52208333,82.15375,223.4166667
07.05.2020,26.24208333,77.49958333,271.75
08.05.2020,26.52583333,72.31,290.6666667
09.05.2020,27.54625,69.865,323.9583333
10.05.2020,28.26625,72.1875,358.5416667
11.05.2020,28.16125,76.52625,383.2916667
12.05.2020,28.07041667,78.44791667,384.1666667
13.05.2020,27.50458333,83.46875,267.8333333
14.05.2020,27.73875,79.97375,308.5833333
15.05.2020,27.64958333,81.00125,317.625
16.05.2020,28.35416667,81.60916667,299.375
17.05.2020,28.8975,75.76708333,315.0416667
18.05.2020,28.9525,77.45375,379.7083333
19.05.2020,28.07166667,76.11791667,419.5
20.05.2020,27.6875,77.13625,339.1666667
21.05.2020,26.27958333,89.54916667,266.25
22.05.2020,26.6775,89.3675,295.8333333
23.05.2020,28.17166667,87.445,335.6666667
24.05.2020,27.86875,90.12083333,342.9166667
25.05.2020,27.52375,90.85833333,238.7083333
26.05.2020,27.18416667,90.12583333,250.25
27.05.2020,26.78541667,90.62458333,170.75
28.05.2020,26.57125,87.80708333,232.3333333
29.05.2020,27.29541667,80.21375,258.0833333
30.05.2020,26.98625,84.52333333,275.2916667
31.05.2020,27.04,85.97666667, 
01.06.2020,26.89708333,90.06,292.5833333
02.06.2020,26.55916667,93.39291667,323.0833333
03.06.2020,26.36083333,91.42958333,322.125
04.06.2020,26.2725,93.68791667,293.2083333
05.06.2020,26.84958333,91.82916667,309.125
06.06.2020,26.80458333,95.265,298.8333333
07.06.2020,27.33666667,91.67625,323.9166667
08.06.2020,27.42125,90.73166667,329.2083333
09.06.2020,28.47541667,82.8,378.0416667
10.06.2020,28.23041667,86.6875,354.3333333
11.06.2020,27.1425,91.55291667,357.5833333
12.06.2020,27.70208333,91.29958333,323.3333333
13.06.2020,27.16875,93.99791667,318
14.06.2020,28.75375,86.80458333,349.1666667
15.06.2020,28.3975,89.8925,378.625
16.06.2020,27.50333333,88.2625,377.6666667
17.06.2020,27.73041667,91.3775,342.5
18.06.2020,27.32041667,92.91875,308.8333333
19.06.2020,27.85125,89.44291667,345.5833333
20.06.2020,27.99458333,89.89083333,345.5833333
21.06.2020,27.87041667,89.92666667,359.5416667
22.06.2020,28.53458333,88.00958333,363.7083333
23.06.2020,28.51666667,89.64583333,374.2083333
24.06.2020,28.07291667,91.33041667,358.7083333
25.06.2020,27.7375,93.14458333,345.5416667
26.06.2020,26.83541667,95.26166667,298.4583333
27.06.2020,27.15291667,93.86,248
28.06.2020,26.82333333,92.70083333,277.8333333
29.06.2020,27.35041667,88.78166667,324.125
30.06.2020,28.015,89.11916667,327.5833333
01.07.2020,27.36666667,93.4925,350.0416667
02.07.2020,27.45,93.09625,358.125
03.07.2020,28.30625,90.00833333,373.0833333
04.07.2020,27.68666667,91.88083333,370.8333333
05.07.2020,28.05208333,89.6525,364.25
06.07.2020,26.6675,90.85125,365.5833333
07.07.2020,28.0425,91.65083333,385.125
08.07.2020,27.90041667,91.78916667,386.9166667
09.07.2020,28.07833333,93.21416667,355.5833333
10.07.2020,27.76666667,94.17166667,313.5833333
11.07.2020,27.39916667,94.70833333,287.7916667
12.07.2020,27.54708333,92.7125,309.2083333
13.07.2020,28.2925,91.13583333,319.0416667
14.07.2020,27.48958333,89.71833333,352.4166667
15.07.2020,28.03458333,90.78125,366.7083333
16.07.2020,27.94458333,90.17208333,386.5416667
17.07.2020,27.52333333,91.1425,388.25
18.07.2020,27.70708333,89.95,385.375
19.07.2020,27.81291667,92.375,367.75
20.07.2020,26.82416667,95.15333333,330.75
21.07.2020,27.34375,93.71708333,318.0416667
22.07.2020,27.50416667,91.50416667,325.75
23.07.2020,26.94875,90.43708333,357.4166667
24.07.2020,27.87333333,90.38541667,352.6666667
25.07.2020,28.26375,88.65125,377.375
26.07.2020,28.5175,88.94333333,407.6666667
27.07.2020,28.34458333,90.44833333,375.625
28.07.2020,28.04041667,90.01041667,390.6666667
29.07.2020,27.34666667,93.15083333,368.7083333
30.07.2020,27.395,88.79666667,378.3333333
31.07.2020,27.91791667,87.58916667,358
01.08.2020,29.33083333,83.84,385.9583333
02.08.2020,29.26625,87.01541667,406.125
03.08.2020,30.8325,82.16541667,426.5833333
04.08.2020,30.48041667,84.93583333,429.25
05.08.2020,29.99166667,84.45,405.5833333
06.08.2020,28.89625,85.84,432.75
07.08.2020,28.41041667,90.84833333,419.5416667
08.08.2020,28.05583333,91.62291667,413.2916667
09.08.2020,27.325,92.4425,423.5833333
10.08.2020,28.36375,88.93833333,427.4583333
11.08.2020,28.21541667,91.79625,411
12.08.2020,28.84916667,89.64958333,412.2083333
13.08.2020,28.21416667,86.86083333,437.9583333
14.08.2020,29.86291667,77.98166667,419.5
15.08.2020,27.77666667,89.11708333,382.875
16.08.2020,27.26833333,92.31166667,363.875
17.08.2020,27.08375,93.47583333,378.4166667
18.08.2020,27.37458333,91.99708333,385.5833333
19.08.2020,27.21458333,90.79958333,395.7916667
20.08.2020,27.1325,88.15291667,396.5833333
21.08.2020,26.79625,88.82,370.5
22.08.2020,26.87,91.95833333,370.6666667
23.08.2020,27.37583333,89.47416667,397.125
24.08.2020,28.26125,86.23625,419.625
25.08.2020,28.23416667,86.52375,411.25
26.08.2020,28.51708333,85.68208333,410.9166667
27.08.2020,27.14125,89.45958333,406.375
28.08.2020,27.50541667,89.67166667,370.7916667
29.08.2020,27.47416667,91.02875,377.5
30.08.2020,27.91041667,90.04833333,362.2083333
31.08.2020,28.14458333,90.94791667,371.4166667
01.09.2020,27.63041667,88.30041667,365.25
02.09.2020,27.74125,87.59708333,406.625
03.09.2020,27.845,87.53375,427.3333333
04.09.2020,28.56333333,84.86166667,419.1666667
05.09.2020,28.19333333,88.58875,409.75
06.09.2020,28.10166667,90.05458333,408.875
07.09.2020,27.04666667,90.89875,388.9166667
08.09.2020,27.44541667,91.61375,381.25
09.09.2020,28.14541667,88.66416667,413.25
10.09.2020,27.34666667,91.3975,394.7916667
11.09.2020,27.0225,93.61708333,375.2916667
12.09.2020,27.395,91.77291667,374.7916667
13.09.2020,27.4375,92.62583333,389.7083333
14.09.2020,26.94875,92.71125,384.125
15.09.2020,27.18041667,91.75291667,377.4583333
16.09.2020,26.66166667,94.76416667,345.9166667
17.09.2020,27.23375,90.89875,355.8333333
18.09.2020,28.81958333,83.9775,385.6666667
19.09.2020,30.28791667,80.79375,419.6666667
20.09.2020,30.47541667,80.48333333,446.5
21.09.2020,28.54166667,88.01375,411.2083333
22.09.2020,26.915,95.63291667,349.1666667
23.09.2020,26.88708333,95.09833333,359.4583333
24.09.2020,26.98541667,94.57583333,346.0416667
25.09.2020,26.94083333,95.20375,331.0416667
26.09.2020,26.82166667,95.29958333,326.9583333
27.09.2020,26.33041667,93.76833333,332.4166667
28.09.2020,27.45041667,88.11708333,367.625
29.09.2020,28.24,84.8075,379.5
30.09.2020,28.2025,85.94041667,407.0833333
01.10.2020,27.85541667,87.51208333,419.7083333
02.10.2020,27.57,89.55875,414.5833333
03.10.2020,27.35083333,90.71291667,388.0833333
04.10.2020,27.29083333,90.65291667,393.625
05.10.2020,27.08333333,89.69833333,383.75
06.10.2020,26.46291667,92.18,348.6666667
07.10.2020,27.04166667,88.00291667,356.3333333
08.10.2020,27.675,88.18791667,392.2083333
09.10.2020,28.83208333,83.72666667,415.9583333
10.10.2020,28.60666667,85.19833333,416.2083333
11.10.2020,28.42625,86.06125,440.625
12.10.2020,28.33916667,85.31583333,441.7916667
13.10.2020,28.56958333,83.79458333,442.875
14.10.2020,28.28291667,86.08833333,435.8333333
15.10.2020,28.125,85.22458333,436.625
16.10.2020,28.01083333,84.49041667,435.5833333
17.10.2020,28.50166667,79.72125,428.5416667
18.10.2020,27.40875,87.53083333,414.7916667
19.10.2020,27.43416667,86.30458333,420.625
20.10.2020,27.30208333,86.82625,426.5416667
21.10.2020,26.81791667,87.905,378.2083333
22.10.2020,25.87916667,88.575,334.4583333
23.10.2020,24.0225,93.77083333,263.4583333
24.10.2020,25.18333333,92.37916667,271.0833333
25.10.2020,25.39833333,91.20416667,326.7916667
26.10.2020,25.935,84.48208333,337.7083333
27.10.2020,26.14041667,82.04958333,345.5
28.10.2020,26.75958333,82.84666667,354.8333333
29.10.2020,27.38583333,80.77875,384.0416667
30.10.2020,27.36666667,83.35708333,372.0833333
31.10.2020,25.59333333,93.19458333,340.3333333
01.11.2020,25.61625,86.73208333,327.625
02.11.2020,25.63833333,87.58875,348.0833333
03.11.2020,25.87375,89.35666667,357.75
04.11.2020,24.35083333,81.6425,344.125
05.11.2020,22.8975,68.82833333,286.4583333
06.11.2020,21.78458333,67.42708333,246.25
07.11.2020,23.46041667,77.89708333,244.375
08.11.2020,23.82333333,79.79,258.625
09.11.2020,23.72833333,75.16833333,260.4166667
10.11.2020,23.72541667,75.625,262.5416667
11.11.2020,24.27291667,78.70291667,266.4583333
12.11.2020,24.77041667,77.83,271.625
13.11.2020,24.83166667,79.31541667,256.2083333
14.11.2020,24.78041667,79.89833333,242.2916667
15.11.2020,24.33458333,78.85666667,259.2916667
16.11.2020,23.84791667,82.79666667,257.4583333
17.11.2020,22.32083333,87.26791667,208.6666667
18.11.2020,21.47791667,83.01833333,199.625
19.11.2020,20.73,81.86083333,220.6666667
20.11.2020,21.65666667,81.505,214.4583333
21.11.2020,21.86791667,81.46416667,218.5
22.11.2020,20.3625,78.41833333,222.1666667
23.11.2020,18.98541667,76.53083333,214.6666667
24.11.2020,19.87125,79.03375,214.625
25.11.2020,21.07041667,79.565,216.0416667
26.11.2020,21.53083333,80.00583333,216.5
27.11.2020,21.99833333,77.78958333,205.7916667
28.11.2020,22.98416667,75.33625,213.1666667
29.11.2020,22.24541667,78.51916667,220.125
30.11.2020,21.64375,82.40958333,220.125
01.12.2020,21.20083333,80.17916667,220.9166667
02.12.2020,20.31916667,80.24708333,222.9583333
03.12.2020,19.8475,81.87291667,222
04.12.2020,19.34583333,82.61666667,209.0416667
05.12.2020,19.13583333,83.4475,213.4583333
06.12.2020,18.97416667,84.90791667,222
07.12.2020,18.80041667,83.66958333,218.6666667
08.12.2020,18.81916667,79.47375,216.1666667
09.12.2020,18.45666667,82.07041667,215.4166667
10.12.2020,18.42708333,85.35416667,212.5416667
11.12.2020,18.1425,85.22208333,209.75
12.12.2020,17.82375,84.88208333,215.875
13.12.2020,17.88375,86.88458333,248.3333333
14.12.2020,17.92125,81.20125,222.875
15.12.2020,17.62916667,79.38041667,220.2916667
16.12.2020,18.07416667,80.5775,211
17.12.2020,17.51541667,84.55166667,223.2083333
18.12.2020,16.25083333,80.23708333,207.6666667
19.12.2020,14.90791667,77.77583333,189.3333333
20.12.2020,15.88666667,72.35583333,216.3333333
21.12.2020,16.87333333,77.17,220.375
22.12.2020,16.31291667,81.695,213.8333333
23.12.2020,16.59625,80.305,211.0416667
24.12.2020,17.20375,81.53666667,208.8333333
25.12.2020,17.21541667,83.28416667,204.875
26.12.2020,16.73166667,78.11208333,206.9583333
27.12.2020,16.58125,75.84416667,211.9166667
28.12.2020,16.26958333,79.83625,212.5416667
29.12.2020,16.94833333,73.90416667,213.3333333
30.12.2020,17.41125,72.62916667,210.5
31.12.2020,17.525,77.38833333,213.7916667
01.01.2021,17.47333333,77.96125,210.2916667
02.01.2021,16.82208333,80.88291667,210.2916667
03.01.2021,17.365,74.9625,217.5
04.01.2021,18.85333333,69.49666667,219.2916667
05.01.2021,19.03708333,76.94458333,218.4166667
06.01.2021,19.98583333,76.41291667,220.4583333
07.01.2021,19.53083333,79.88,224.9166667
08.01.2021,19.495,73.58625,224.2083333
09.01.2021,17.94791667,81.92333333,214.4166667
10.01.2021,18.21625,83.44916667,229.125
11.01.2021,18.81083333,84.75833333,231.75
12.01.2021,17.71708333,81.59375,237.6666667
13.01.2021,16.02291667,81.06666667,229.4166667
14.01.2021,15.59375,81.68166667,231.75
15.01.2021,15.5475,81.45291667,220.375
16.01.2021,15.64583333,81.69875,226.75
17.01.2021,16.87333333,79.39541667,231.7916667
18.01.2021,17.73583333,82.10125,235.875
19.01.2021,16.38041667,86.57541667,229.5416667
20.01.2021,16.14833333,87.64666667,230.5833333
21.01.2021,16.83666667,81.01541667,235.6666667
22.01.2021,16.42583333,77.21875,221.375
23.01.2021,15.935,78.5025,236.7083333
24.01.2021,16.17583333,78.84333333,239.3333333
25.01.2021,16.12041667,78.6825,240
26.01.2021,16.61333333,72.38083333,238.75
27.01.2021,16.50458333,68.745,237.125
28.01.2021,17.39833333,67.52375,239.5
29.01.2021,17.06791667,71.21708333,229.75
30.01.2021,16.0775,69.04458333,215.125
31.01.2021,15.08208333,61.87583333,236.2083333
01.02.2021,14.48166667,71.0575,240.25
02.02.2021,16.13958333,69.19291667,241.4583333
03.02.2021,17.65291667,69.72916667,240.75
04.02.2021,19.585,64.4975,240.7916667
05.02.2021,18.68666667,69.98416667,225.3333333
06.02.2021,18.8325,71.745,233.0833333
07.02.2021,17.80958333,73.54208333,238.5416667
08.02.2021,18.87416667,67.6775,241.4583333
09.02.2021,19.095,63.84666667,238.2916667
10.02.2021,18.73416667,63.54958333,238.25
11.02.2021,18.85708333,59.77583333,241.3333333
12.02.2021,19.18708333,62.57083333,231.7916667
13.02.2021,19.41666667,64.94083333,269.0416667
14.02.2021,19.54833333,66.83875,274.25
15.02.2021,19.58958333,62.5475,278.9166667
16.02.2021,19.85125,55.57,245.0833333
17.02.2021,20.69708333,64.05708333,246.5416667
18.02.2021,21.70625,70.4325,252.4583333
19.02.2021,21.36833333,65.16333333,233.7916667
20.02.2021,21.48875,64.9575,240.125
21.02.2021,21.18166667,56.48041667,239.4166667
22.02.2021,21.22875,55.36208333,247.5833333
23.02.2021,20.77083333,59.32291667,241.25
24.02.2021,21.69958333,55.45833333,247.75
25.02.2021,21.40458333,63.555,252.3333333
26.02.2021,21.00125,68.51083333,238.2916667
27.02.2021,21.3225,71.605,255.25
28.02.2021,23.40041667,61.60125,265.25
01.03.2021,23.68041667,64.46666667,276.5
02.03.2021,23.20083333,60.52083333,278.625
03.03.2021,24.05708333,56.41541667,277.25
04.03.2021,21.93291667,52.25208333,276.8333333
05.03.2021,22.62125,58.36458333,257.4583333
06.03.2021,23.12583333,78.58791667,240.4166667
07.03.2021,22.36708333,74.82583333,256.4166667
08.03.2021,22.2375,69.02125,269.1666667
09.03.2021,22.9575,77.58833333,254.8333333
10.03.2021,23.39083333,79.72166667,279.75
11.03.2021,23.74125,77.92958333,289.2916667
12.03.2021,24.4575,68.21375,281.2916667
13.03.2021,24.215,64.16125,268.0416667
14.03.2021,23.47208333,67.32125,276.3333333
15.03.2021,23.60125,66.50875,293.9166667
16.03.2021,24.27708333,57.40333333,302.0416667
17.03.2021,24.45541667,50.81791667,303.625
18.03.2021,24.8,51.97916667,307.375
19.03.2021,24.86958333,59.87416667,294.5833333
20.03.2021,25.05583333,57.8225,312.4583333
21.03.2021,25.84958333,57.63041667,514.25
22.03.2021,26.83708333,50.36125,339.9583333
23.03.2021,26.63875,50.54208333,340.5833333
24.03.2021,26.72666667,55.72125,342.2083333
25.03.2021,25.7975,53.97666667,340.5833333
26.03.2021,25.65458333,50.26875,314.1666667
27.03.2021,26.75875,38.3575,327.4166667
28.03.2021,26.36208333,41.54916667,320.75
29.03.2021,27.72958333,49.42208333,356.8333333
30.03.2021,24.80708333,80.05458333,179.4583333
31.03.2021,26.23291667,80.62,200.9583333
01.04.2021,25.91083333,79.27916667,250.75
02.04.2021,25.83958333,72.40041667,266.0833333
03.04.2021,25.64416667,70.9375,309.125
04.04.2021,26.05791667,61.045,267.1666667
05.04.2021,26.32375,60.89083333,293.25
06.04.2021,27.11875,51.07708333,317.0416667
07.04.2021,25.58916667,67.39083333,334.4166667
08.04.2021,26.04166667,71.86416667,341.6666667
09.04.2021,25.7675,79.3675,290.5833333
10.04.2021,26.77833333,72.71125,335.625
11.04.2021,27.35583333,71.71291667,352.9583333
12.04.2021,28.59416667,63.84666667,379.3333333
13.04.2021,29.23041667,55.53083333,383.5833333
14.04.2021,26.58166667,68.86958333,394.8333333
15.04.2021,26.74958333,65.38083333,364.4583333
16.04.2021,24.73041667,79.7325,312.2083333
17.04.2021,24.73833333,76.26875,256.2083333
18.04.2021,25.00583333,75.88291667,308.2083333
19.04.2021,27.0125,68.58375,289.375
20.04.2021,25.81208333,74.84375,339.2916667
21.04.2021,26.35458333,72.31375,355.2083333
22.04.2021,26.57458333,76.2675,343.375
23.04.2021,27.32333333,60.8075,372.7083333
24.04.2021,26.92291667,61.13041667,368.0833333
25.04.2021,27.78666667,59.33875,401.875
26.04.2021,28.3675,62.89625,412.875
27.04.2021,28.92166667,65.41916667,431.7916667
28.04.2021,28.81541667,67.59166667,414.875
29.04.2021,28.94666667,62.55708333,432
30.04.2021,28.84166667,66.10166667,405.5
01.05.2021,28.86375,65.32083333,352.6666667
02.05.2021,27.87958333,72.01,336.25
03.05.2021,25.67666667,82.08625,326.25
04.05.2021,24.93666667,82.8125,317.375
05.05.2021,25.33166667,76.53041667,979.625
06.05.2021,25.28916667,76.20041667,1058.125
07.05.2021,26.30458333,76.93708333,1113.625
08.05.2021,25.70583333,81.41916667,1197
09.05.2021,26.44625,79.14458333,1117.416667
10.05.2021,26.41166667,79.2025,1101.5
11.05.2021,26.42291667,79.75125,924.5416667
12.05.2021,25.84375,80.50833333,990.8333333
13.05.2021,25.86083333,84.66416667,1056.958333
14.05.2021,25.35208333,89.94791667,1063.125
15.05.2021,27.40708333,81.90708333,1061.666667
16.05.2021,27.80291667,81.43958333,1088.041667
17.05.2021,28.46458333,82.25833333,1219.75
18.05.2021,28.39291667,86.10458333,1187.583333
19.05.2021,28.44,87.54458333,1260.5
20.05.2021,28.41625,88.84291667,1350.5
21.05.2021,27.69375,89.47833333,1296.75
22.05.2021,27.91916667,89.71125,1353.958333
23.05.2021,29.99,77.89958333,1434.458333
24.05.2021,29.89791667,78.45291667,1058.375
25.05.2021,29.3525,82.95625,1058.375
26.05.2021,28.66458333,82.39458333,924.0833333
27.05.2021,28.5175,71.33125,1018.5
28.05.2021,29.33458333,72.89041667,1219.083333
29.05.2021,28.55,81.16333333,1305.041667
30.05.2021,28.3825,86.59083333,1347.333333
31.05.2021,27.38791667,92.45875,1160.833333
01.06.2021,27.50875,90.22583333,344.625
02.06.2021,26.69583333,92.00541667,368.7916667
03.06.2021,27.88,90.06166667,395.5833333
04.06.2021,27.78958333,92.94791667,373.625
05.06.2021,27.26125,94.54666667,286.9166667
06.06.2021,27.895,91.94791667,329.2083333
07.06.2021,27.86833333,91.39916667,351
08.06.2021,26.99916667,93.70791667,369.4583333
09.06.2021,26.80125,88.09666667,413.1666667
10.06.2021,28.03375,80.01291667,404.2083333
11.06.2021,27.71333333,86.37,384.9583333
12.06.2021,29.29416667,83.36458333,402.5416667
13.06.2021,28.95458333,84.88541667,435.875
14.06.2021,27.85291667,89.51833333,434.2916667
15.06.2021,28.50583333,86.52375,424.0833333
16.06.2021,28.13583333,85.48708333,414.5
17.06.2021,27.92083333,87.85125,411.375
18.06.2021,27.66541667,83.4325,364.3333333
19.06.2021,26.36291667,90.05708333,349.3333333
20.06.2021,26.23541667,91.34541667,348.625
21.06.2021,26.87708333,88.47208333,374.5416667
22.06.2021,27.01541667,89.18791667,398.8333333
23.06.2021,27.92166667,87.61166667,413.8333333
24.06.2021,27.45875,89.90375,401.1666667
25.06.2021,27.42458333,89.26916667,401.0833333
26.06.2021,27.78708333,89.65333333,386.5833333
27.06.2021,27.77291667,90.09375,396.625
28.06.2021,27.05833333,93.41375,365.625
29.06.2021,27.35958333,93.59875,340.5416667
30.06.2021,28.03041667,93.30208333,302.9166667
01.07.2021,27.5775,90.83541667,306.375
02.07.2021,26.74416667,91.60916667,302.375
03.07.2021,27.36083333,92.38791667,325.375
04.07.2021,27.85833333,88.655,350
05.07.2021,27.79708333,90.04708333,380.1666667
06.07.2021,28.00041667,90.59625,380.75
07.07.2021,27.56791667,94.07375,380.1666667
08.07.2021,28.45583333,88.27458333,382.5833333
09.07.2021,28.75291667,86.58375,409.0833333
10.07.2021,27.73458333,87.95666667,400.5833333
11.07.2021,27.71875,89.39375,410.4166667
12.07.2021,29.59083333,80.86458333,427.4583333
13.07.2021,27.7325,89.9425,386.4166667
14.07.2021,27.35666667,90.63833333,391.3333333
15.07.2021,28.05583333,87.64583333,416.7083333
16.07.2021,26.64625,92.41291667,400.0416667
17.07.2021,27.77291667,91.09375,381.6666667
18.07.2021,27.78833333,91.34583333,409.0416667
19.07.2021,27.90916667,89.25708333,398.5
20.07.2021,28.26333333,86.78375,393.875
21.07.2021,29.11541667,86.72875,386
22.07.2021,30.03416667,83.12833333,382.6666667
23.07.2021,28.39041667,89.08041667,378.7083333
24.07.2021,28.4,89.275,390.375
25.07.2021,28.3075,90.35875,397.9166667
26.07.2021,29.4175,83.83333333,423
27.07.2021,30.21166667,82.83625,425.9583333
28.07.2021,29.10583333,84.865,394.125
29.07.2021,27.92208333,88.21291667,389.9166667
30.07.2021,27.94208333,89.54583333,380.1666667
31.07.2021,27.34708333,92.23333333,362.5833333
01.08.2021,28.10083333,89.815,384.625
02.08.2021,27.58666667,91.51666667,387.75
03.08.2021,28.44083333,87.23166667,415.7916667
04.08.2021,29.3,84.39458333,401.375
05.08.2021,30.81875,77.04875,405.5
06.08.2021,28.92916667,85.675,410.0416667
07.08.2021,27.29625,92.01291667,398.2083333
08.08.2021,28.23208333,91.37291667,397.5833333
09.08.2021,27.92458333,91.18958333,395.2083333
10.08.2021,27.88208333,93.04458333,397
11.08.2021,28.29083333,91.85375,395.9166667
12.08.2021,26.60833333,94.65375,405.7083333
13.08.2021,27.17458333,92.76291667,383.4166667
14.08.2021,27.78666667,91.57916667,369.9583333
15.08.2021,27.7825,92.78333333,377.0416667
16.08.2021,27.64,89.19375,397.6666667
17.08.2021,27.58208333,89.77875,377.8333333
18.08.2021,26.99166667,92.86625,375.4166667
19.08.2021,26.52666667,93.47125,379
20.08.2021,27.07791667,91.20541667,367.9166667
21.08.2021,27.02583333,90.54083333,388.25
22.08.2021,26.935,92.07541667,408.2083333
23.08.2021,27.40875,91.94458333,383.3333333
24.08.2021,27.44666667,92.33666667,368.8333333
25.08.2021,27.3725,93.57333333,385.1666667
26.08.2021,27.5025,92.04375,398.2916667
27.08.2021,26.60708333,88.88166667,406.5
28.08.2021,27.50708333,87.19958333,419.7083333
29.08.2021,27.29625,87.47416667,420.5416667
30.08.2021,26.67375,90.76041667,400.2083333
31.08.2021,27.25916667,89.46291667,434.9166667
01.09.2021,27.04458333,93.87208333,432.8333333
02.09.2021,28.21791667,86.2525,444.5833333
03.09.2021,28.11625,85.02541667,450.1666667
04.09.2021,28.805,80.64583333,469.2916667
05.09.2021,29.61416667,80.645,474.7916667
06.09.2021,29.22166667,85.78125,230.7083333
07.09.2021,27.55708333,86.63708333,436.625
08.09.2021,27.35875,89.07,455.125
09.09.2021,28.73208333,83.71208333,452.7916667
10.09.2021,27.94041667,88.27916667,454.2083333
11.09.2021,28.13625,86.64375,473.0416667
12.09.2021,29.18666667,82.52666667,471.7083333
13.09.2021,28.84541667,84.34,475.5
14.09.2021,28.38166667,85.0625,472.0833333
15.09.2021,29.1425,85.17708333,488.1666667
16.09.2021,28.0425,89.82333333,434.9166667
17.09.2021,27.64375,86.56791667,418.0416667
18.09.2021,26.33458333,93.54958333,395.5416667
19.09.2021,27.25291667,87.50333333,415.0833333
20.09.2021,26.66708333,91.4925,438.875
21.09.2021,26.23583333,91.13541667,419.9166667
22.09.2021,26.53791667,89.13458333,434.875
23.09.2021,27.65875,81.86541667,457.125
24.09.2021,28.83875,80.5175,461.625
25.09.2021,28.50166667,84.29208333,456.375
26.09.2021,29.33791667,80.49916667,472.5416667
27.09.2021,29.04708333,78.89375,475.4583333
28.09.2021,26.87,88.81,535
29.09.2021,26.93291667,86.78125,427.0416667
30.09.2021,27.33958333,87.015,461.2083333
01.10.2021,27.48833333,85.13083333,448.7916667
02.10.2021,27.30625,83.945,408
03.10.2021,26.88458333,91.93583333,351.0833333
04.10.2021,26.28041667,92.44166667,353
05.10.2021,26.81333333,87.18541667,347.8333333
06.10.2021,27.07416667,81.54,398.9166667
07.10.2021,27.32875,83.70875,426.125
08.10.2021,27.23708333,87.87291667,428.7916667
09.10.2021,27.395,85.93583333,431
10.10.2021,28.28,83.85541667,429
11.10.2021,29.17208333,80.76833333,475.5
12.10.2021,29.92083333,79.46208333,501.2083333
13.10.2021,29.44875,81.61875,494.1666667
14.10.2021,30.45791667,76.41375,493.125
15.10.2021,30.40708333,74.44625,472.75
16.10.2021,28.20541667,78.83166667,464.9583333
17.10.2021,27.27791667,81.57,461.9583333
18.10.2021,26.54208333,82.05166667,423.4583333
19.10.2021,25.92875,91.50041667,389.9166667
20.10.2021,25.82416667,93.25583333,364.5
21.10.2021,24.86541667,92.15125,371
22.10.2021,22.7025,82.68541667,359.875
23.10.2021,23.8175,79.16916667,334.0833333
24.10.2021,24.37625,82.42875,351.375
25.10.2021,24.01041667,81.30375,355.0833333
26.10.2021,23.48916667,79.53666667,356.2083333
27.10.2021,24.14041667,77.95291667,359.2083333
28.10.2021,24.50958333,80.19375,366.5833333
29.10.2021,25.6075,80.8225,363.5416667
30.10.2021,25.06,79.14125,364.1666667
31.10.2021,22.93708333,80.14583333,350.75
01.11.2021,21.235,74.22666667,304.875
02.11.2021,20.82416667,71.43958333,291.5416667
03.11.2021,21.68791667,66.61958333,288
04.11.2021,21.86041667,77.81166667,281.7083333
05.11.2021,20.95541667,78.13916667,266.6666667
06.11.2021,20.50416667,74.21833333,267.2916667
07.11.2021,21.02583333,74.77791667,268.9583333
08.11.2021,22.00791667,73.77833333,274.3333333
09.11.2021,22.36875,81.98208333,280.9583333
10.11.2021,22.53541667,83.35666667,296
11.11.2021,22.115,82.62,293.2083333
12.11.2021,21.69708333,84.46,285.0833333
13.11.2021,21.19166667,86.2975,273.9166667
14.11.2021,20.87625,83.33625,273.625
15.11.2021,21.83333333,89.1075,271.3333333
16.11.2021,22.78041667,84.16916667,272.2916667
17.11.2021,21.38083333,76.12833333,269.5416667
18.11.2021,20.44125,71.8725,269.2083333
19.11.2021,20.67291667,75.10666667,255.2916667
20.11.2021,20.65125,82.79375,256.3333333
21.11.2021,21.12375,86.20875,259.2083333
22.11.2021,21.06625,89.14625,260.5833333
23.11.2021,21.43083333,85.06541667,262.1666667
24.11.2021,20.28083333,75.55458333,256.75
25.11.2021,18.85083333,72.44583333,255.875
26.11.2021,18.07083333,72.96958333,242.375
27.11.2021,19.39625,68.35416667,242.5
28.11.2021,19.98458333,72.43375,238.7916667
29.11.2021,19.79083333,72.45958333,248.875
30.11.2021,20.40208333,73.80541667,248.4166667
01.12.2021,21.27916667,74.20958333,251.7083333
02.12.2021,21.30375,76.30125,249.375
03.12.2021,21.285,81.97083333,243
04.12.2021,21.44,84.41416667,242.7916667
05.12.2021,22.00041667,84.67416667,245.2916667
06.12.2021,20.63875,90.65125,231
07.12.2021,21.61541667,92.05208333,243.7083333
08.12.2021,22.17041667,82.5675,253.5416667
09.12.2021,21.64291667,82.16083333,253.2083333
10.12.2021,20.16208333,77.74458333,247.7916667
11.12.2021,19.56875,71.53416667,236.7083333
12.12.2021,18.58875,72.88458333,241.9583333
13.12.2021,18.31458333,73.01333333,243.9583333
14.12.2021,18.61416667,79.255,243.2916667
15.12.2021,17.79708333,79.30791667,246.5833333
16.12.2021,17.955,75.42708333,236.75
17.12.2021,17.93,70.10041667,238.7916667
18.12.2021,18.13958333,69.96583333,241.5
19.12.2021,17.30208333,70.13958333,245
20.12.2021,17.15,75.34125,246.0833333
21.12.2021,18.12666667,78.76625,247.125
22.12.2021,18.33125,80.87583333,241.2916667
23.12.2021,18.10375,77.26,241.7916667
24.12.2021,17.54125,70.86208333,237.5833333
25.12.2021,17.37833333,72.02833333,241.7916667
26.12.2021,17.20666667,73.4325,238.375
27.12.2021,16.585,75.12208333,248.2083333
28.12.2021,17.01708333,73.725,247
29.12.2021,18.01791667,73.73,248.9583333
30.12.2021,18.68375,70.26083333,251.6666667
31.12.2021,18.14666667,72.91333333,240.8333333
01.01.2022,17.6275,76.87791667,240.6666667
02.01.2022,17.41208333,75.98166667,249.1666667
03.01.2022,17.36708333,74.865,238.2916667
04.01.2022,16.73166667,77.27416667,249.9583333
05.01.2022,17.26791667,72.97583333,242.5416667
06.01.2022,17.40708333,71.88791667,249.5
07.01.2022,18.27083333,73.315,242.9166667
08.01.2022,18.94958333,74.49958333,244.1875
09.01.2022,18.36956522,80.26913043,252.1304348
10.01.2022,19.12583333,80.39375,251.625
11.01.2022,19.61083333,78.75791667,254.5833333
12.01.2022,19.40291667,82.585,252.7916667
13.01.2022,16.945,88.98375,238.0416667
14.01.2022,16.33625,68.67291667,240
15.01.2022,17.46541667,70.83083333,240.25
16.01.2022,17.36375,71.58708333,244.5833333
17.01.2022,18.09416667,71.6075,249.2916667
18.01.2022,17.93041667,70.93708333,252.5833333
19.01.2022,17.8016,74.8244,249.72
20.01.2022,17.08375,77.46416667,251.75
21.01.2022,17.42666667,75.295,242.5416667
22.01.2022,16.25791667,74.12958333,244.7916667
23.01.2022,17.56541667,71.9,121.625
24.01.2022,17.30291667,81.48083333,0
25.01.2022,16.71583333,80.84875,0
26.01.2022,16.96208333,79.50041667,0
27.01.2022,16.28583333,80.68,0
28.01.2022,13.85041667,68.71375,0
29.01.2022,13.81291667,73.40291667,0
30.01.2022,14.49041667,70.81458333,0
31.01.2022,15.17708333,70.00875,0
01.02.2022,15.37166667,74.84708333,0
02.02.2022,15.65333333,78.86416667,0
03.02.2022,16.29,77.7475,0
04.02.2022,17.72916667,76.57375,0
05.02.2022,15.52708333,82.96833333,0
06.02.2022,14.30958333,73.80458333,0
07.02.2022,14.91083333,73.57208333,0
08.02.2022,15.1225,70.35916667,0
09.02.2022,15.76125,70.26666667,0
10.02.2022,16.54208333,77.6325,0
11.02.2022,17.08458333,77.13208333,0
12.02.2022,15.90958333,67.92208333,0
13.02.2022,17.47375,60.21541667,0
14.02.2022,17.50125,59.67625,0
15.02.2022,18.09375,54.83541667,0
16.02.2022,17.82791667,62.015,0
17.02.2022,17.56541667,61.79333333,0
18.02.2022,17.85625,61.78833333,0
19.02.2022,17.60041667,59.9225,0
20.02.2022,17.11291667,68.34416667,0
21.02.2022,16.60375,78.89958333,0
22.02.2022,17.86708333,70.0725,62.75
23.02.2022,19.4975,65.08791667,227.9583333
24.02.2022,19.485,73.1925,266.9583333
25.02.2022,18.68916667,82.32833333,245.25
26.02.2022,20.62791667,74.89625,263.125
27.02.2022,20.6225,67.50166667,272.125
28.02.2022,21.57333333,69.75541667,270.625
01.03.2022,21.11916667,61.0675,270.0833333
02.03.2022,21.09833333,58.89625,265.9166667
03.03.2022,21.20958333,57.33625,270.25
04.03.2022,21.42166667,55.70416667,262.7458333
05.03.2022,21.93708333,55.93708333,267.5416667
06.03.2022,22.91666667,58.04083333,284.7916667
07.03.2022,24.02208333,53.10375,299.25
08.03.2022,24.48833333,52.20916667,308
09.03.2022,24.08,56.85375,312.4166667
10.03.2022,23.43208333,58.21833333,331.3958333
11.03.2022,23.69375,51.37541667,326.9791667
12.03.2022,24.1575,50.89083333,315.2916667
13.03.2022,24.705,56.805,337.3333333
14.03.2022,25.06375,58.03416667,363.9166667
15.03.2022,25.90333333,53.61,376
16.03.2022,25.38791667,55.445,369.7083333
17.03.2022,25.66541667,56.0825,378.375
18.03.2022,26.65375,57.73,389.3333333
19.03.2022,27.33541667,58.03333333,367.2291667
20.03.2022,25.39958333,60.97916667,395.1458333
21.03.2022,25.47583333,57.18791667,397.2916667
22.03.2022,26.60666667,57.58875,421.25
23.03.2022,27.87916667,57.85416667,446.875
24.03.2022,26.40458333,67.65875,417.8333333
25.03.2022,25.08208333,82.77541667,364.7291667
26.03.2022,25.3925,86.34833333,389.9583333
27.03.2022,25.00083333,82.87,388.875
28.03.2022,24.73958333,75.09458333,375.6666667
29.03.2022,24.35083333,80.78041667,351.0416667
30.03.2022,25.3175,80.27041667,349.3333333
31.03.2022,25.73541667,82.73708333,353.8333333
01.04.2022,26.11583333,84.0775,384.8333333
02.04.2022,26.02708333,85.69958333,401.375
03.04.2022,25.90458333,81.7375,446.2916667
04.04.2022,25.33208333,86.47375,397.375
05.04.2022,25.8275,83.03916667,425.8333333
06.04.2022,25.74625,82.97583333,451.6666667
07.04.2022,26.25291667,75.93083333,455.6666667
08.04.2022,26.22583333,73.6625,453.7083333
09.04.2022,25.99166667,76.29125,450.125
10.04.2022,25.53041667,76.20125,384.7083333
11.04.2022,26.21125,81.34125,339.875
12.04.2022,26.42333333,82.69541667,393.25
13.04.2022,26.80916667,81.67291667,428.125
14.04.2022,26.37875,85.79125,370.625
15.04.2022,26.67916667,84.15875,387.9583333
16.04.2022,26.44333333,87.84916667,338.9583333
17.04.2022,27.25791667,79.73625,366.3333333
18.04.2022,26.265,83.38833333,359.9583333
19.04.2022,26.90416667,81.69791667,403.6666667
20.04.2022,26.74791667,79.44083333,293.6666667
21.04.2022,25.3925,79.42375,367.9583333
22.04.2022,26.29291667,81.06041667,388.7916667
23.04.2022,26.33125,83.22708333,422.7916667
24.04.2022,27.87041667,79.28541667,400.125
25.04.2022,27.46875,81.07,375.7083333
26.04.2022,27.34083333,82.75458333,412.0416667
27.04.2022,27.75208333,80.35583333,289.125
28.04.2022,28.11541667,75.81666667,445.625
29.04.2022,28.1275,74.74208333,494.0416667
30.04.2022,27.91666667,76.3525,307.4583333
01.05.2022,27.28125,77.16833333,339.5
02.05.2022,26.70541667,79.89625,305.2083333
03.05.2022,26.925,75.83208333,279.3333333
04.05.2022,26.56583333,78.40333333,276.75
05.05.2022,26.53,78.26958333,343.75
06.05.2022,27.64125,76.07291667,379.75
07.05.2022,28.2475,75.65958333,440.125
08.05.2022,28.60125,70.72833333,464.5416667
09.05.2022,28.31,70.01375,444.5833333
10.05.2022,26.38791667,86.21666667,351.9583333
11.05.2022,26.88958333,89.36666667,331.2916667
12.05.2022,27.48833333,89.2775,344.0833333
13.05.2022,27.45041667,91.14791667,306.75
14.05.2022,27.80958333,90.39291667,316.3541667
15.05.2022,28.16333333,90.05375,370.8333333
16.05.2022,27.55333333,90.16125,385.875
17.05.2022,26.59291667,92.83041667,259.5416667
18.05.2022,26.35875,91.91291667,278.125
19.05.2022,26.69916667,91.95333333,225.8333333
20.05.2022,26.84458333,88.6975,223
21.05.2022,26.78416667,89.54708333,230.6666667
22.05.2022,27.91583333,84.21583333,339.2916667
23.05.2022,27.90958333,81.65166667,373.9166667
24.05.2022,28.64791667,80.4775,423.25
25.05.2022,27.49875,87.00833333,424.1666667
26.05.2022,26.65625,88.54125,399.25
27.05.2022,27.08166667,86.3825,384.5416667
28.05.2022,27.07041667,83.85083333,415.5416667
29.05.2022,27.51,83.33541667,401.4875
30.05.2022,27.27166667,86.42416667,432.4166667
31.05.2022,27.83208333,82.53541667,435.4166667
01.06.2022,27.66541667,86.72333333,445.7083333
02.06.2022,26.55916667,91.19208333,438
03.06.2022,27.05083333,91.67916667,351.5
04.06.2022,27.29166667,88.16125,351.5833333
05.06.2022,27.42333333,85.59333333,332.1666667
06.06.2022,27.43125,89.11166667,382.75
07.06.2022,27.68416667,90.41708333,400.4166667
08.06.2022,27.49208333,90.63833333,393.875
09.06.2022,27.42625,91.22208333,402.7916667
10.06.2022,25.76625,91.61125,371.6666667
11.06.2022,26.96333333,87.73458333,416.375
12.06.2022,27.44833333,91.23375,394.7916667
13.06.2022,27.73208333,91.43833333,318.625
14.06.2022,27.69708333,91.77083333,321.2708333
15.06.2022,26.89416667,92.38416667,322.2916667
16.06.2022,26.09,94.30208333,321.1666667
17.06.2022,25.42666667,95.61208333,207.0833333
18.06.2022,25.51666667,95.39708333,161.4166667
19.06.2022,25.83291667,93.83666667,212.75
20.06.2022,26.41041667,93.88208333,241.0833333
21.06.2022,26.79875,91.53291667,280.5416667
22.06.2022,27.20583333,89.60125,318.25
23.06.2022,26.70083333,92.02166667,330.375
24.06.2022,26.53833333,92.2525,348.0833333
25.06.2022,27.54458333,89.67625,369.9583333
26.06.2022,26.80333333,92.14583333,396.4583333
27.06.2022,27.61416667,90.59875,397.625
28.06.2022,27.01125,91.85416667,398.9583333
29.06.2022,27.10375,89.81541667,366.2916667
30.06.2022,27.09416667,90.29166667,366.2083333
01.07.2022,27.6675,89.51541667,385.25
02.07.2022,27.53416667,88.29166667,411.9166667
03.07.2022,28.00666667,89.81791667,424.25
04.07.2022,27.60208333,91.40125,425.0833333
05.07.2022,28.03083333,87.49666667,443.4166667
06.07.2022,27.61958333,90.64666667,419.4166667
07.07.2022,27.70833333,88.485,462.4166667
08.07.2022,27.69375,89.35208333,448.0416667
09.07.2022,28.45708333,86.85916667,452.8333333
10.07.2022,28.43166667,86.135,450.1666667
11.07.2022,27.79125,88.30833333,413.9583333
12.07.2022,28.90541667,83.34083333,452.6666667
13.07.2022,30.63458333,80.07875,452.2916667
14.07.2022,30.67291667,81.02666667,477.6666667
15.07.2022,30.13916667,82.67666667,492.9166667
16.07.2022,29.6075,86.08583333,489.25
17.07.2022,28.60416667,88.7325,433.875
18.07.2022,28.12708333,89.68958333,468.0833333
19.07.2022,27.51291667,90.5725,477.5416667
20.07.2022,27.77125,90.52375,522.5416667
21.07.2022,28.25208333,84.00416667,516.625
22.07.2022,28.58791667,85.76291667,518.875
23.07.2022,27.55125,92.1325,484.2916667
24.07.2022,26.84583333,92.38333333,505.4166667
25.07.2022,26.30666667,88.69041667,480.875
26.07.2022,26.97875,86.85916667,466.625
27.07.2022,27.75375,86.485,486.625
28.07.2022,27.90625,87.15375,492.8333333
29.07.2022,27.61625,86.75833333,489.4166667
30.07.2022,27.79041667,88.59291667,478.9583333
31.07.2022,26.63333333,92.41583333,466.5833333
01.08.2022,27.97125,90.55458333,461
02.08.2022,28.22791667,88.01583333,476.8333333
03.08.2022,27.93625,88.51916667,527.5
04.08.2022,28.1225,87.61458333,523.2916667
05.08.2022,28.1,88.89791667,520.8333333
06.08.2022,28.54208333,86.83833333,505.7083333
07.08.2022,30.18458333,80.64583333,537.125
08.08.2022,29.3375,85.02291667,528
09.08.2022,29.14458333,86.14625,509.0833333
10.08.2022,28.65125,84.36083333,528.375
11.08.2022,28.8025,83.66166667,531.875
12.08.2022,28.42708333,82.63625,544.875
13.08.2022,27.84375,87.0775,510
14.08.2022,28.4225,83.4025,511.7916667
15.08.2022,28.27125,83.70083333,481.75
16.08.2022,28.02333333,88.82291667,480.8333333
17.08.2022,28.67666667,88.03041667,514.0416667
18.08.2022,31.3075,77.60958333,549.5833333
19.08.2022,29.89791667,81.7725,509.5416667
20.08.2022,29.15291667,84.21833333,504.0416667
21.08.2022,27.16416667,87.91375,537.5416667
22.08.2022,28.53666667,86.18208333,550.3333333
23.08.2022,28.76166667,88.05166667,493.125
24.08.2022,28.13666667,87.34083333,496.375
25.08.2022,27.75041667,86.64541667,513.5833333
26.08.2022,28.41958333,84.15583333,521.625
27.08.2022,26.725,92.86708333,463.875
28.08.2022,27.17125,88.97458333,463.0833333
29.08.2022,27.39208333,88.59208333,493.0833333
30.08.2022,27.32875,88.36666667,502.1666667
31.08.2022,27.86666667,85.92916667,513.375
01.09.2022,26.07,90.93541667,478.0416667
02.09.2022,25.80166667,93.01291667,463.9583333
03.09.2022,27.49958333,92.27916667,433.375
04.09.2022,28.00666667,92.28166667,388.6666667
05.09.2022,27.27375,93.65291667,413.3291667
06.09.2022,27.10791667,92.03958333,455.7083333
07.09.2022,27.73,86.3125,494.0833333
08.09.2022,29.54708333,80.86708333,532.7083333
09.09.2022,28.54041667,81.47708333,514.125
10.09.2022,27.63375,86.8725,364.3333333
11.09.2022,25.98833333,92.24125,334.7083333
12.09.2022,25.84666667,92.06458333,317.1666667
13.09.2022,26.12875,94.135,298.25
14.09.2022,26.31625,91.3225,311.3333333
15.09.2022,26.86833333,91.58625,399.8333333
16.09.2022,27.10541667,91.46583333,402.75
17.09.2022,27.70083333,88.41208333,463.2916667
18.09.2022,28.58125,84.59375,512.5416667
19.09.2022,28.50666667,84.82541667,508.5416667
20.09.2022,27.73125,88.25083333,506.9583333
21.09.2022,27.05791667,89.485,490.3333333
22.09.2022,27.44041667,89.65083333,513.75
23.09.2022,27.07333333,90.80708333,484.7083333
24.09.2022,26.91875,88.03291667,470.875
25.09.2022,27.5025,81.44791667,478.8333333
26.09.2022,27.525,84.60958333,508.0833333
27.09.2022,26.9,92.46291667,521.3333333
28.09.2022,27.7252,78.6644,518.88
29.09.2022,28.69,74.92875,524.375
30.09.2022,29.56875,76.3625,529.4583333
01.10.2022,29.7975,76.23875,530.8333333
02.10.2022,29.00791667,81.32833333,446
03.10.2022,26.69708333,92.15875,447.8333333
04.10.2022,26.60083333,87.63833333,370.125
05.10.2022,26.14583333,89.45791667,456.5625
06.10.2022,26.765,88.96458333,515.7916667
07.10.2022,26.56208333,87.1475,517.75
08.10.2022,26.57625,86.90083333,493.3333333
09.10.2022,26.41791667,89.85458333,459.9583333
10.10.2022,26.0975,91.805,471.75
11.10.2022,25.91416667,93.77583333,406.25
12.10.2022,25.4175,93.41333333,358.5416667
13.10.2022,25.44166667,92.2375,407.8333333
14.10.2022,25.36041667,92.0375,412
15.10.2022,26.42041667,84.96125,441.0416667
16.10.2022,27.20125,78.31208333,461.9583333
17.10.2022,27.39833333,77.38375,467.2083333
18.10.2022,27.24416667,80.65125,462
19.10.2022,26.02625,81.43958333,475.0833333
20.10.2022,26.79041667,73.74375,450.5833333
21.10.2022,26.1025,77.60666667,425.4166667
22.10.2022,25.705,76.80541667,394.0416667
23.10.2022,24.51583333,84.32041667,455
24.10.2022,22.18666667,87.80708333,300.0833333
25.10.2022,22.22375,91.645,197.2916667
26.10.2022,23.1475,85.43708333,291.7916667
27.10.2022,23.94583333,74.09541667,304.7916667
28.10.2022,23.37625,75.79916667,303.6666667
29.10.2022,24.1675,75.08625,300.9583333
30.10.2022,25.07041667,79.16875,354.5833333
31.10.2022,25.5875,76.30958333,378.9166667
01.11.2022,25.13666667,75.45666667,382.1666667
02.11.2022,24.37583333,80.995,377.7916667
03.11.2022,24.09083333,84.11916667,359.875
04.11.2022,24.25125,80.58583333,342.375
05.11.2022,24.76666667,78.41916667,339
06.11.2022,24.03791667,80.385,369.4583333
07.11.2022,23.44958333,80.48666667,366.375
08.11.2022,23.16125,76.49541667,349.125
09.11.2022,22.79583333,73.20541667,326.8783333
10.11.2022,21.7775,75.11166667,318
11.11.2022,21.63833333,71.33083333,292.0833333
12.11.2022,21.76958333,76.025,290.125
13.11.2022,21.33958333,78.1625,295.1666667
14.11.2022,21.65,69.86208333,292.3333333
15.11.2022,20.8525,74.19791667,290.625
16.11.2022,20.6825,82.0325,285.3333333
17.11.2022,21.115,78.18541667,283.5833333
18.11.2022,20.59291667,69.16666667,267.5416667
19.11.2022,20.91041667,69.51833333,263.7916667
20.11.2022,22.44541667,66.25041667,277.7916667
21.11.2022,22.085,73.7,287.875
22.11.2022,21.58875,76.3725,281.5833333
23.11.2022,20.87416667,79.50958333,274.2916667
24.11.2022,21.15666667,74.14625,280.2083333
25.11.2022,21.80083333,64.25833333,269.0833333
26.11.2022,21.22375,72.56458333,271.25
27.11.2022,20.34833333,78.88875,286.3125
28.11.2022,20.6425,76.26541667,290.5
29.11.2022,22.58583333,78.58291667,297.9583333
30.11.2022,22.89166667,84.60958333,310.1666667
01.12.2022,22.39208333,81.41125,317.9791667
02.12.2022,21.29541667,76.16208333,281.75
03.12.2022,20.18541667,72.64666667,280.7083333
04.12.2022,19.25833333,75.43708333,283.7916667
05.12.2022,20.00708333,68.86958333,283.4166667
06.12.2022,19.29208333,75.24458333,285.2916667
07.12.2022,18.73083333,80.27083333,278.5416667
08.12.2022,19.28291667,68.16125,278.4583333
09.12.2022,18.14958333,68.5,265.0833333
10.12.2022,18.06666667,77.41166667,265.2916667
11.12.2022,19.02125,77.13666667,267.2083333
12.12.2022,18.945,82.30333333,269
13.12.2022,18.85375,83.20625,270.125
14.12.2022,18.62916667,85.37291667,270.7916667
15.12.2022,18.57291667,85.2475,269.5416667
16.12.2022,18.8275,84.27666667,255
17.12.2022,19.1675,76.35208333,256.5
18.12.2022,18.8275,76.21333333,261.6666667
19.12.2022,19.09791667,81.36083333,280.5416667
20.12.2022,18.21083333,79.32833333,278.625
21.12.2022,18.11333333,82.51791667,278.6666667
22.12.2022,18.47416667,83.09416667,266.6666667
23.12.2022,18.16083333,75.48125,264.3333333
24.12.2022,17.89666667,74.67291667,267.7083333
25.12.2022,17.07541667,79.1825,268.3333333
26.12.2022,19.26541667,76.5775,272.5
27.12.2022,17.9625,87.7325,268.7083333
28.12.2022,16.6875,79.62208333,269.8333333
29.12.2022,16.18541667,77.28416667,256.2083333
30.12.2022,15.76625,77.99208333,255.0416667
31.12.2022,15.96541667,80.56,262.6666667
